entry,exit
0.9098387556123964,-0.8800754711302446
1.9404599376780356,-3.8801605835345603
